[
  {
        "cmd": "help",
        "ppl": ["Queue.help([name])"]
  },  
  {
        "cmd": "Create",
        "ppl": ["Queue.Create(queue_name)"]
  },
  {
        "cmd": "Write",
        "ppl": ["Queue.Write(queue_name])"]
  },
  
  {
      "cmd": "Clear",
      "ppl": ["Queue.(queue_name)"] 
  },
  {
      "cmd": "Contains",
      "ppl": ["Determines whether an element is in the Queue, returns \"True\" or \"False\"",
              "Queue.Contains(queue_name)(value)"] 
  },
  {
      "cmd": "AddArray",
      "ppl": ["Queue.AddArray(\"PPL array\") (queue name)"]
  },
  {
      "cmd": "ToArray",
      "ppl": ["Queue.ToArray(queue name) (\"ppl_array\")"] 
  }, 
  {
      "cmd": "Count",
      "ppl": ["Queue.Count(queue_name)"] 
  },
  {
      "cmd": "Peek",
      "ppl": ["Queue.Peek(queue_name)"] 
  },
  {
      "cmd": "Enqueue",
      "ppl": ["Queue.Enqueue(queue_name)(value)"]
  },
  {
    "cmd": "Dequeue",
    "ppl": ["Queue.Dequeue(queuename)"] 
  },
  {
      "cmd": "Delete",
      "ppl": ["Queue.Delete()"] 
  } 
]