[
  {
    "cmd": "help",
    "ppl": ["DataFrame.help([name])"]
  },
  {
    "cmd": "Create",
    "ppl": ["DataFrame.Create([df_name])[(number rows)(column1)(column2)(column3)…]"]
  },
  {
    "cmd": "SetRow",
    "ppl": ["DataFrame.SetRow(df_name)(row index)(value column1)( value column2)…"]
  },
  {
    "cmd": "SetColumn",
    "ppl": ["DataFrame.SetColumn(df_name)(column)(value row1)(value row2)…"]
  },
  {
    "cmd": "Write",
    "ppl": ["DataFrame.Write([df_name])[(column)(column)…]"]
  },
  {
    "cmd": "Save",
    "ppl": ["DataFrame.Save(df_name)(filename.csv|.data)[(column)( column)]…"]
  },
  {
    "cmd": "Read",
    "ppl": ["DataFrame.Read(df_name)(filename.csv|.data)[(column)( column)]…"]
  },
  {
    "cmd": "InsertRows",
    "ppl": ["DataFrame.InsertRows(df_name)(index)[(number of rows)]"]
  },
  {
    "cmd": "AddRows",
    "ppl": ["DataFrame.AddRows([df_name])[(number of rows)]"]
  },
  {
    "cmd": "InsertColumns",
    "ppl": ["DataFrame.InsertColumns(df_name) )(specified column)(column)(column)…"]
  },
  {
    "cmd": "AddColumns",
    "ppl": ["DataFrame.AddColumns(df_name)(column1)(column2)…"]
  },
  {
    "cmd": "RemoveRows",
    "ppl": ["DataFrame.RemoveRows(df_name)(number_from)(number_to)"]
  },
  {
    "cmd": "RemoveColumns",
    "ppl": ["DataFrame.RemoveColumns((df_name)(column1)(column2)…)"]
  },
  {
    "cmd": "ClearColumns",
    "ppl": ["DataFrame.ClearColumns(df_name)[(column)(column)…]"]
  },
  {
    "cmd": "SetWidthForAll",
    "ppl": ["DataFrame.SetWidthForAll([df_name])([width])"]
  },
  {
    "cmd": "Sort",
    "ppl": ["DataFrame.Sort(df_name)(ascend | descend)(column)"]
  },
  {
    "cmd": "Reverse",
    "ppl": ["DataFrame.Reverse(df_name)(column)"]
  },
  {
    "cmd": "SelectRows",
    "ppl": ["DataFrame.SelectRows(df_name)(select_from)[(*|select_to)]"]
  },
  {
    "cmd": "UnSelectRows",
    "ppl": ["DataFrame.UnSelectRows(df_name)"]
  },
]
