[
     {
        "cmd": "help",
        "ppl": ["Excel.help([name])"]
     }, 
     {
       "cmd": "Open",
       "ppl": ["Opens XLSX file for reading",
               "Excel.Open(filename.xlsx)"]
     },
     {
       "cmd": "Close",
       "ppl": ["Closes XLSX file after reading or writing",
               "Excel.Close()"]
     },
     {
       "cmd": "Read",
       "ppl": ["Reads opened XLSX to storage, size of storage must be enough to save Excel cells",
               "Excel.Read(\"sheet\")(\"left top\")(\"right down\")(\"storage\")"]
     },
     {
       "cmd": "Write",
       "ppl": ["Writes storage to Excel cells, quantity of cells must be enough to save storage",
               "Excel.Write(\"sheet\")(\"left top\")(\"right down\")(\"storage\")"]
     },
     {
       "cmd": "CreateWorkBook",
       "ppl": ["Creates workbook for writing","Excel.CreateWorkBook()"]
     },
     {
       "cmd": "SaveAs",
       "ppl": ["Saves created XLSX file after writing",
               "Excel.SaveAs(filename.xlsx)"]
     },
]
