{
  "groups": {
   
    "Service commands": [
      {
        "cmd": "help",
        "ppl": ["help | ? [<library name>] | keyword"]
      },
      {
        "cmd": "version",
        "ppl": ["version"]
      },
      {
        "cmd": "cls",
        "ppl": ["cls"]
      },
      {
        "cmd": "shell",
        "ppl": ["shell (command with parameters[#command with parameters])"]
      },
      {
        "cmd": "init",
        "ppl": ["init   (for console input only)"]
      },
      {
        "cmd": "code",
        "ppl": ["code [ppl|scr]"]
      },
      {
        "cmd": "showcode",
        "ppl": ["showcode [yes|no]"]
      },
      {
        "cmd": "readcode (rc)",
        "ppl": ["readcode | rc <file.scr|ppl> [arg1 arg2 ...]"]
      },
      {
        "cmd": "fdreadcode (fdrc)",
        "ppl": ["fdreadcode|fdrc"]
      },
      {
        "cmd": "display (d)",
        "ppl": ["display | d [root | Global | Functions | Aliases | Configuration| Local | path_node.name]"]
      },
      {
        "cmd": "displaynodes (dn)",
        "ppl": ["displaynodes | dn [root | Global | Functions | Aliases | Configuration| Local | path_node.name]"]
      },
      {
        "cmd": "dstree",
        "ppl": ["dstree() | dstree"]
      },
      {
        "cmd": "datanames",
        "ppl": ["datanames [Local]"]
      },
      {
        "cmd": "suspend",
        "ppl":["suspend"]
      },
      {
        "cmd": "resume",
        "ppl": ["resume"]
      },
      {
        "cmd": "debugppl",
        "ppl": ["debugppl [yes|no]"]
      },
      {
        "cmd": "traceppl",
        "ppl": ["traceppl [yes|no]"]
      },
      
      {
        "cmd": "recreate",
        "ppl":["recreate [yes|no]"]
      },
      {
        "cmd": "log",
        "ppl": ["log [yes|no]"]
      },
      {
        "cmd": "exit",
        "ppl": ["exit"]
      } 
    ],

    "Special commands": [
      {
        "cmd": "import",
        "ppl": ["import Library_name"]
      },
      {
        "cmd": "importlist",
        "ppl": ["importlist"]
      },
      {
        "cmd": "eval",
        "ppl": ["eval <ppl expression>[<result>]"]
      },
      {
        "cmd": "length",
        "ppl": ["length (var | const name | array name|storage name)"]
      },
      {
        "cmd": "isexist",
        "ppl": ["isexist(name) | isexist name"],
      },
      {
        "cmd": "isdigits",
        "ppl": ["isdigits(var name | member of array or storage | literal ) | ",
                "isdigits var name | member of array or storage  | literal"]
      },
      {
        "cmd": "isinteger",
        "ppl": ["isinteger(var name | member of array or storage | literal ) | ",
               "isinteger var name | member of array or storage  | literal"]
      },
      {
        "cmd": "isalldigits",
        "ppl": ["isalldigits(member of array or storage) | ",
                "isalldigits member of array or storage"]

      },
      {
        "cmd": "isallinteger",
        "ppl": ["isallinteger(member of array or storage) | ",
               "isallinteger member of array or storage"]
      },
      {
        "cmd": "iseven",
        "ppl": ["iseven(var name | member of array or storage | literal ) |",
                "iseven var name | member of array or storage | literal"]
      },
      {
        "cmd": "isodd",
        "ppl": ["isodd(var name | member of array or storage | literal )  |",
                "isodd var name | member of array or storage | literal"]
      },
      {
        "cmd": "del",
        "ppl": ["del fullname | all"]
      },
      {
        "cmd": "calc",
        "ppl": ["calc math_infix_expression"]
      },
      {
        "cmd": "sleep",
        "ppl": ["sleep(msec)"]
      },
      {
        "cmd": "getbykey",
        "ppl": ["getbykey(name array)(name element)"],
      },
      {
        "cmd": "getbyvalue",
        "ppl": ["getbyvalue(name array)(value element)"],
      },
      {
        "cmd": "set",
        "ppl": 
        [  "set(var)(value)",
           "set(array[index]) (value | ppl expression)",
           "set(array[index])(name)(value | ppl expression)"],
        "scr": 
         ["set var | array[index] = value | scr expression",
          "set var | array[index] = name,value | scr expression"]
      },
      {
        "cmd": "getvalue",
        "ppl": ["getvalue (var_name) | getvalue(array_name[index]",
                "index:= value|ppl expression"]
      },
      {
        "cmd": "getname",
        "ppl": ["getname (name)"]
      }
    ],

    "Nodes and Leaves": [
      {
        "cmd": "createnode",
        "ppl": ["createnode(path.name) | createnode path.name"]
      },
      {
        "cmd": "copynode",
        "ppl": ["copynode (src node)(dst node)[number of copies]"]
      },
      {
        "cmd": "getnodes",
        "ppl": ["getnodes (top node)[(nesting)](\"ppl_array\")"]
      },
      {
        "cmd": "getleaves",
        "ppl": ["getleaves(node)(\"ppl_array\")"]
      }
    ],

    "Variables and Array": [
      {
        "cmd": "var",
        "ppl": ["var (name)| (name[init value]) ",
                "name:= [node path]name",
                "node path:= node. | node",
                "init value:= value| ppl expression",
                "ppl expression:=value | prefix notation  expression"],
        "scr": ["var name|name = init value",
                "name:= node path.name",
                "node path:= node. | node",
                "init value:= value| scr expression",
                "scr expression:= value | infix notation  expression"]
      },
      {
        "cmd": "const",
        "ppl": ["const (name)| (name[init value]) ",
          "name:= [node path]name",
          "node path:= node. | node",
          "init value:= value| ppl expression",
          "ppl expression:=value | prefix notation  expression"],
        "scr": ["const name|name = init value",
          "name:= node path.name",
          "node path:= node. | node",
          "init value:= value| scr expression",
          "scr expression:= value | infix notation  expression"]
      },
      {
        "cmd": "array",
        "ppl": ["array(name [length]) [ (init value)]",
        "array(name)(1st item)(2nd item)…",
        "name:= node path.name",
        "node path:= node. | node",
        "length:= value| ppl expression",
        "init value:= value| ppl expression",
        "item:= value| ppl expression",
        "ppl expression:=value | prefix notation  expression"        
        ],
        "scr": ["array name[length];",
        "array name [length] = init value;",
        "array name [] = {1st item, 2nd  item,…};",
        "name:= node path.name",
        "node path:= node. | node",
        "length:= value| scr expression",
        "init value:= value| scr expression",
        "item:= value| scr expression"
        ]
      },
      {
        "cmd": "realloc",
        "ppl": ["realloc(array name)(new length) [(init_value)]"]
      }
    ],

    "Storage": [
      {
        "cmd": "storage",
        "ppl": ["storage (name)[(length dim1)][( length dim2)]…",
        "name:= node path.name",
        "node path:= node. | node",
        "length:= value| ppl expression",
        "ppl expression:=value | prefix notation  expression"
      ]
      },
      {
        "cmd": "sinit",
        "ppl": ["sinit (name)(init value) "]
      },
      {
        "cmd": "sget",
        "ppl": ["sget (name)(index1)(index2)…"]
      },
      {
        "cmd": "sset",
        "ppl": ["sset (name)(index1)(index2)(value)"]
      },
      {
        "cmd": "swrite",
        "ppl": ["swrite(name) [(max_window_width = 100)]"]
      },
      {
        "cmd": "sinfo",
        "ppl": ["sinfo(name) "]
      },
      {
        "cmd": "ssetrow",
        "ppl": ["ssetrow(name)(ind1)(ind2)(indN)… (elem1)(elem2)(elemM)…"]
      }
    ],

    "Backup and Recovery": [
      {
        "cmd": "savedata",
        "ppl": ["savedata(filename.data | filename.json)[(node)]"]
      },
      {
        "cmd": "readdata",
        "ppl": ["readdata(filename.data)[(node)]"]
      },
    ],

    "Control Flow": [
      {
        "cmd": "if, else",
        "ppl": ["if(condition)",
          "(",
          "  (statement)",
          "  (statement)",
          "  [(else",
          "     ( ",
          "       (statement)",
          "       (statement)",
          "     )",
          "  )]",
          ");"
        ],        
        
        "scr": ["if (condition)",
        "{",
        "   statement",
        "   statement",
        "   [else",
        "    {",
        "      statement",
        "      statement",
        "    }]",
        "}"
        ]
      },     
      {
        "cmd": "switch, case, default",
        "ppl": ["switch(expression)",
          "(",
          "  (case1) (case2)…",
          "  (",
          "    (statement)",  
          "    ...",
          "  )",
          "  (caseN)…",
          "  (",
          "    (statement)",  
          "    ...",
          "  )",
          "  ](default)",
          "  (",
          "    (statement)",  
          "    ...",
          "  )]", 
          ");"         
          ], 
          "scr": ["switch(expression)",
            "{",
            "  case <value>:", 
            "  case <value>:",
            "    statement;",
            "  break;",
            "  case <value>:",
            "    statement;",
            "  break;",
            "  [default:",
            "    statement;",
            "  break;]",
            "}"           
           ]
      },
      {
        "cmd": "loop,do,for",
        "ppl": ["loop (iteration var)(begin)(end)[(increment)]  or",
          "  loop ()    infinity loop",   
          "  (do",
          "    (",
          "      (statement)",
          "      (statement)",
          "      …",
          "    )",
          "  )",
          "  begin:= value|ppl expression",
          "  end:= value|ppl expression",
          "  increment:= value|ppl expression"    
      ],        
        "scr": ["for(iteration var, begin, end [, increment])  or",
          "for()  // infinity for",
          "{", 
          "   statement;",
          "   statement;",
          "   …",
          "}"          
        ]
      },
      {
        "cmd": "break",
        "ppl": ["Exit from loop (ppl mode) or from for (scr mode) or end of case in switch block"]
      },
      {
        "cmd": "continue",
        "ppl": ["Continue executing in loop (ppl mode) or in for (scr mode)"]
      },
    ],

    "Input Output": [
      {
        "cmd": "write, writeline, write#",
        "ppl": ["write(value) | write(c# format)( value )(value)…",
                "value:=value | ppl expression with prefix notation" ],        
        "scr": ["write#(arg) | write#(\"c# format\", arg1 , arg2,…)",
                "writeline(arg) | writeline(\"c# format\", arg1 , arg2,…)"]
      },
      {
        "cmd": "writearray",
        "ppl": ["Writes array contents to the standard output stream",
                "writearray ([node.]array_name) | [node.]array_name"
        ]
      },
      {
        "cmd": "readline",
        "ppl": ["Reads the next line of characters from the standard input stream.",
                " Result will be 	passed to calling operator",
                "readline()"]
      }
    ],

    "Functions": [
      {
        "cmd": "function",
        "ppl": ["function",
          "(",    
          "  name", 
          "  parameter_list",
          "      ( function body )",  
          ");",
          "name::=  identifier",
          "parameter::=  (identifier) | (identifier[default value]) | empty",
          "function body::= (statement1) [(statement2) (statementN)]",
          "identifier::= [var] | [array] :<name>"    
        ],        
        "scr": ["function      name",
                " (parameter_list)",
                "{",       
                "   function body",
                "}",
                "name::=  identifier",
                "parameter_list::= parameter, [parameter_list]",
                "parameter::= ",
                "identifier | identifier[default value] | identifier = default value | empty",
                "function body::= statement1 [ statement2   statementN ]",
                "identifier::= [var] | [array] :<name>",
                "By default parameter type is var."
        ]
      },
      {
        "cmd": "funclist",
        "scr": ["funclist| finclist()"]
      },
      {
        "cmd": "funcname",
        "ppl": ["Returns the current function name",
                "fincname()"]
      },
      {
        "cmd": "argc",
        "ppl": ["Returns number of arguments", "argc()"]
      },
      {
        "cmd": "getargname",
        "ppl": ["Returns argument name by parameter name", "getargname(parameter name)"]
      },
      {
        "cmd": "call",
        "scr": ["call function_name(arg1,arg2,…)"]
      },
      {
        "cmd": "return",
        "ppl": ["Exit from function  or from script"]
      },
    ],
    "Delegates and Callbacks": [
      {
        "cmd": "delegate",
        "ppl": ["delegate | dlgt(delegate name)(param1)(param2)...",
                "param:= var | var:<name> | array | array:<name>"],
        "scr": ["delegate | dlgt(delegate name)(param1)(param2)...",
                "param:= var | var:<name> | array | array:<name>"
        ]
      },
      {
        "cmd": "dlgtinstant",
        "ppl": ["dlgtinstant <delegate instant name><delegate name>"],
        "scr": ["dlgtinstant <delegate instant name><delegate name>"]
      },
      {
        "cmd": "dlgtset",
        "ppl": ["dlgtset (delegate instant name)(function name)"],
        "scr": ["dlgtset (delegate instant name)(function name)"]
      },
      {
        "cmd": "dlgtcall",
        "ppl": ["dlgtcall(delegate instant name)(arg1)(arg2)(arg3)…"],
        "sccr": ["dlgtcall(delegate instant name)(arg1)(arg2)(arg3)…"]
      },
      {
        "cmd": "callback",
        "ppl": ["callback (callback name)(arg1)(arg2)(arg3)…"],
        "scr": ["callback (callback name)(arg1)(arg2)(arg3)…"]
      },
    ]
  }
}