[
     {
        "cmd": "help",
        "ppl": ["MN_Numerics.help([name])",
                "Displays list of methods and constants",
                "get Constant: ex. MN_Numerics.E()"]
     }, 
     {
       "cmd": "Constants",
       "ppl": ["MN_Numerics.Constants()"]
     },
     {
       "cmd": "Matrix",
       "ppl": ["MN_Numerics.Matrix(\"matrix_name\")(rows)(columns)"]
     },
     {
       "cmd": "Vector",
       "ppl": ["MN_Numerics.Vector(\"vector_name\")(length)"]
     },
     {
       "cmd": "AddRowToMatrix",
       "ppl": ["MN_Numerics.AddRowToMatrix(\"matrix_name\")(\"ppl_array\") "]
     },
     {
       "cmd": "AddColumnToMatrix",
       "ppl": ["MN_Numerics.AddColumnToMatrix(\"matrix_name\")(\"ppl_array\")"]
     },
     {
       "cmd": "AddDataToVector",
       "ppl": ["MN_Numerics.AddDataToVector(\"vector_name\")(\"ppl_array\")"]
     },
     {
       "cmd": "Solve",
       "ppl": ["Linear Equation Systems",
               "MN_Numerics.Solve(\"matrix_name\")(\"vector_name\")(\"ppl_array_result\")"]
     },
     {
       "cmd": "DeleteAll",
       "ppl": ["MN_Numerics.DeleteAll()"]
     },
     {
       "cmd": "DeleteMatrix",
       "ppl": ["MN_Numerics.DeleteMatrix(\"matrix_name\")"]
     },
     {
       "cmd": "DeleteVector",
       "ppl": ["MN_Numerics.DeleteVector(\"vector_name\")"]
     },
]
