[
  {
    "cmd": "help",
    "ppl": ["DateTime.help([name])"]
  },
  {
    "cmd": "Clear",
    "ppl": ["Removes all DateTime and Timespan instances",
            "DateTime.Clear()"]
  },
  {
    "cmd": "Warning",
    "ppl": ["Sets to display or not warning when DateTime or TimeSpan instance is updated",
            "DateTime.Warning(yes | no)"]
  },
  {
    "cmd": "CreateDateTime",
    "ppl": ["Creates named instance of the DateTime",
           "DateTime.CreateDateTime(name)[(year)(month)(day) (hour)(min)(sec)(msec)]"]
  },
  {
    "cmd": "GetDateTime",
    "ppl": ["Returns instance of DateTimeProperties structure",
           "DateTime.GetDateTime(DateTime instance name)( DateTimeProperties instance name)"]
  },
  {
    "cmd": "CreateTimeSpan",
    "ppl": ["Creates named instance of the TimeSpan",
            "DateTime.CreateTimeSpan(instance Timespan name)[(hours)(minutes)(seconds)]"]
  },
  {
    "cmd": "GetTimeSpan",
    "ppl": ["Returns instance of TimeSpan",
            "DateTime.GetTimeSpan(instance Timespan name)(hours)(minutes)(seconds)"]
  },
  {
    "cmd": "Subtract",
    "ppl": ["Returns the value that results from subtracting the specified time or duration from the value of this instance",
            "DateTime.Subtract(name_src DateTime) (name TimeSpan) (name_result DateTime)"]
  },
  {
    "cmd": "Add",
    "ppl": ["Returns a new DateTime instance that adds the value of the specified TimeSpan to the value of this instance",
            "DateTime.Add(name_src DateTime) (name TimeSpan) (name_result DateTime)"]
  },
  {
    "cmd": "AddDays",
    "ppl": ["Returns a new DateTime that adds the specified number of days to the value of this instance",
           "DateTime.AddDays(name_src DateTime) (days) (name_result DateTime)"]
  },
  {
    "cmd": "AddHours",
    "ppl": ["Returns a new DateTime that adds the specified number of hours to the value of this instance",
          "DateTime.AddHours(name_src DateTime) (hours) (name_result DateTime)"]
  },
  {
    "cmd": "AddMicroseconds",
    "ppl": ["Returns a new DateTime that adds the specified number of microseconds to the value of this instance",
           "DateTime.AddMicroseconds(name_src DateTime) (microseconds) (name_result DateTime)"]
  },
  {
    "cmd": "AddMilliseconds",
    "ppl": ["Returns a new DateTime that adds the specified number of milliseconds to the value of this instance",
            "DateTime.AddMilliseconds(name_src DateTime) (milliseconds) (name_result DateTime)"]
  },
  {
    "cmd": "AddMinutes",
    "ppl": ["Returns a new DateTime that adds the specified number of minutes to the value of this instance",
            "DateTime.AddMinutes(name_src DateTime) (minutes) (name_result DateTime)"]
  },
  {
    "cmd": "AddMonths",
    "ppl": ["Returns a new DateTime that adds the specified number of months to the value of this instance",
            "DateTime.AddMonths(name_src DateTime) (months) (name_result DateTime)"]
  },
  {
    "cmd": "AddSeconds",
    "ppl": ["Returns a new DateTime that adds the specified number of seconds to the value of this instance",
            "DateTime.AddSeconds(name_src DateTime) (seconds) (name_result DateTime)"]
  },
  {
    "cmd": "AddTicks",
    "ppl": ["Returns a new DateTime that adds the specified number of ticks to the value of this instance",
            "DateTime.AddTicks(name_src DateTime) (ticks) (name_result DateTime)"]
  },
  {
    "cmd": "AddYears",
    "ppl": ["Returns a new DateTime that adds the specified number of years to the value of this instance",
            "DateTime.AddYears(name_src DateTime) (years) (name_result DateTime)"]
  },
  {
    "cmd": "Compare",
    "ppl": ["Compares two instances of DateTime ",
           "DateTime.Compare(name1 DateTime)( name2 DateTime)"]
  },
  {
    "cmd": "DaysInMonth",
    "ppl": ["Returns the number of days in the specified month and year",
           "DateTime.DaysInMonth(year)( month)"]
  },
  {
    "cmd": "IsLeapYear",
    "ppl": ["Returns an indication whether the specified year is a leap year",
           "DateTime.IsLeapYear(year)"]
  }
]
