{"NS
{
{
"Global":
  {
  {
"Nodeq": "Node"

{
      }
    {
"y": "Array 3"

{
      "#":"",
      "#":"",
      "#":""
        }
      {
"z": "Storage 2 2x3"

{
      {
"0": "Array"

{
        "#":"",
        "#":"",
        "#":""
          }
        {
"1": "Array"

{
          "#":"",
          "#":"",
          "#":""
            }
              }
                }
              {
"Local":
                {
                    }
}
{"Functions
{
                    {
"Sum": "function"

{
                      "result":"",
                      "n1":"",
                      "n2":""
                    {
"#": "block"

{
                    {
"set":
                      {
                        "result":""
                      {
"+":
                        {
                          "n1":"",
                          "n2":""
                            }
                              }
                                }
                                  }
                                {
"Sub": "function"

{
                                  "result":"",
                                  "n1":"",
                                  "n2":""
                                {
"#": "block"

{
                                {
"set":
                                  {
                                    "result":""
                                  {
"-":
                                    {
                                      "n1":"",
                                      "n2":""
                                        }
                                          }
                                            }
                                              }
                                            {
"Mult": "function"

{
                                              "result":"",
                                              "n1":"",
                                              "n2":""
                                            {
"#": "block"

{
                                            {
"set":
                                              {
                                                "result":""
                                              {
"*":
                                                {
                                                  "n1":"",
                                                  "n2":""
                                                    }
                                                      }
                                                        }
                                                          }
                                                        {
"Div": "function"

{
                                                          "result":"",
                                                          "n1":"",
                                                          "n2":""
                                                        {
"#": "block"

{
                                                        {
"set":
                                                          {
                                                            "result":""
                                                          {
"/":
                                                            {
                                                              "n1":"",
                                                              "n2":""
                                                                }
                                                                  }
                                                                    }
                                                                      }
                                                                    {
"Pow": "function"

{
                                                                      "result":"",
                                                                      "n1":"",
                                                                      "n2":""
                                                                    {
"#": "block"

{
                                                                    {
"set":
                                                                      {
                                                                        "result":""
                                                                      {
"^":
                                                                        {
                                                                          "n1":"",
                                                                          "n2":""
                                                                            }
                                                                              }
                                                                                }
                                                                                  }
                                                                                {
"Plus2": "function"

{
                                                                                  "result":""
                                                                                {
"#": "block"

{
                                                                                {
"set":
                                                                                  {
                                                                                    "result":""
                                                                                  {
"++":
                                                                                    {
                                                                                      "result":""
                                                                                        }
                                                                                          }
                                                                                            }
                                                                                              }
                                                                                            {
"Minus2": "function"

{
                                                                                              "result":""
                                                                                            {
"#": "block"

{
                                                                                            {
"set":
                                                                                              {
                                                                                                "result":""
                                                                                              {
"--":
                                                                                                {
                                                                                                  "result":""
                                                                                                    }
                                                                                                      }
                                                                                                        }
                                                                                                          }
                                                                                                        {
"LT": "function"

{
                                                                                                          "result":"",
                                                                                                          "n1":"",
                                                                                                          "n2":""
                                                                                                        {
"#": "block"

{
                                                                                                        {
"#": "block"

{
                                                                                                          "result":""
                                                                                                        {
"<":
                                                                                                          {
                                                                                                            "n1":"",
                                                                                                            "n2":""
                                                                                                              }
                                                                                                                }
                                                                                                                  }
                                                                                                                    }
                                                                                                                  {
"LTEQ": "function"

{
                                                                                                                    "result":"",
                                                                                                                    "n1":"",
                                                                                                                    "n2":""
                                                                                                                  {
"#": "block"

{
                                                                                                                  {
"set":
                                                                                                                    {
                                                                                                                      "result":""
                                                                                                                    {
"<=":
                                                                                                                      {
                                                                                                                        "n1":"",
                                                                                                                        "n2":""
                                                                                                                          }
                                                                                                                            }
                                                                                                                              }
                                                                                                                                }
                                                                                                                              {
"GT": "function"

{
                                                                                                                                "result":"",
                                                                                                                                "n1":"",
                                                                                                                                "n2":""
                                                                                                                              {
"#": "block"

{
                                                                                                                              {
"set":
                                                                                                                                {
                                                                                                                                  "result":""
                                                                                                                                {
">":
                                                                                                                                  {
                                                                                                                                    "n1":"",
                                                                                                                                    "n2":""
                                                                                                                                      }
                                                                                                                                        }
                                                                                                                                          }
                                                                                                                                            }
                                                                                                                                          {
"GTEQ": "function"

{
                                                                                                                                            "result":"",
                                                                                                                                            "n1":"",
                                                                                                                                            "n2":""
                                                                                                                                          {
"#": "block"

{
                                                                                                                                          {
"set":
                                                                                                                                            {
                                                                                                                                              "result":""
                                                                                                                                            {
">=":
                                                                                                                                              {
                                                                                                                                                "n1":"",
                                                                                                                                                "n2":""
                                                                                                                                                  }
                                                                                                                                                    }
                                                                                                                                                      }
                                                                                                                                                        }
                                                                                                                                                      {
"EQ": "function"

{
                                                                                                                                                        "result":"",
                                                                                                                                                        "n1":"",
                                                                                                                                                        "n2":""
                                                                                                                                                      {
"#": "block"

{
                                                                                                                                                      {
"set":
                                                                                                                                                        {
                                                                                                                                                          "result":""
                                                                                                                                                        {
"==":
                                                                                                                                                          {
                                                                                                                                                            "n1":"",
                                                                                                                                                            "n2":""
                                                                                                                                                              }
                                                                                                                                                                }
                                                                                                                                                                  }
                                                                                                                                                                    }
                                                                                                                                                                  {
"NOTEQ": "function"

{
                                                                                                                                                                    "result":"",
                                                                                                                                                                    "n1":"",
                                                                                                                                                                    "n2":""
                                                                                                                                                                  {
"#": "block"

{
                                                                                                                                                                  {
"set":
                                                                                                                                                                    {
                                                                                                                                                                      "result":""
                                                                                                                                                                    {
"!=":
                                                                                                                                                                      {
                                                                                                                                                                        "n1":"",
                                                                                                                                                                        "n2":""
                                                                                                                                                                          }
                                                                                                                                                                            }
                                                                                                                                                                              }
                                                                                                                                                                                }
                                                                                                                                                                              {
"AND": "function"

{
                                                                                                                                                                                "result":"",
                                                                                                                                                                                "n1":"",
                                                                                                                                                                                "n2":""
                                                                                                                                                                              {
"#": "block"

{
                                                                                                                                                                              {
"set":
                                                                                                                                                                                {
                                                                                                                                                                                  "result":""
                                                                                                                                                                                {
"#": "block"

{
                                                                                                                                                                                  "n1":"",
                                                                                                                                                                                  "n2":""
                                                                                                                                                                                    }
                                                                                                                                                                                      }
                                                                                                                                                                                        }
                                                                                                                                                                                          }
                                                                                                                                                                                        {
"OR": "function"

{
                                                                                                                                                                                          "result":"",
                                                                                                                                                                                          "n1":"",
                                                                                                                                                                                          "n2":""
                                                                                                                                                                                        {
"#": "block"

{
                                                                                                                                                                                        {
"set":
                                                                                                                                                                                          {
                                                                                                                                                                                            "result":""
                                                                                                                                                                                          {
"||":
                                                                                                                                                                                            {
                                                                                                                                                                                              "n1":"",
                                                                                                                                                                                              "n2":""
                                                                                                                                                                                                }
                                                                                                                                                                                                  }
                                                                                                                                                                                                    }
                                                                                                                                                                                                      }
                                                                                                                                                                                                    {
"XOR": "function"

{
                                                                                                                                                                                                      "result":"",
                                                                                                                                                                                                      "n1":"",
                                                                                                                                                                                                      "n2":""
                                                                                                                                                                                                    {
"#": "block"

{
                                                                                                                                                                                                    {
"set":
                                                                                                                                                                                                      {
                                                                                                                                                                                                        "result":""
                                                                                                                                                                                                      {
"xor":
                                                                                                                                                                                                        {
                                                                                                                                                                                                          "n1":"",
                                                                                                                                                                                                          "n2":""
                                                                                                                                                                                                            }
                                                                                                                                                                                                              }
                                                                                                                                                                                                                }
                                                                                                                                                                                                                  }
}
{"Aliases
{
                                                                                                                                                                                                                    "help":"?",
                                                                                                                                                                                                                    "display":"d",
                                                                                                                                                                                                                    "readcode":"rc",
                                                                                                                                                                                                                    "fdreadcode":"fdrc",
                                                                                                                                                                                                                    "importlist":"il",
                                                                                                                                                                                                                    "createpplcode":"cpc",
                                                                                                                                                                                                                    "getbyvalue":"getv",
                                                                                                                                                                                                                    "getbyname":"getn",
                                                                                                                                                                                                                    "savedata":"sd",
                                                                                                                                                                                                                    "readdata":"rd",
                                                                                                                                                                                                                    "+":"sum",
                                                                                                                                                                                                                    "-":"sub",
                                                                                                                                                                                                                    "*":"mul",
                                                                                                                                                                                                                    "/":"div",
                                                                                                                                                                                                                    "^":"pow",
                                                                                                                                                                                                                    "%":"mod",
                                                                                                                                                                                                                    "<":"lt",
                                                                                                                                                                                                                    "<=":"le",
                                                                                                                                                                                                                    ">":"gt",
                                                                                                                                                                                                                    ">=":"ge",
                                                                                                                                                                                                                    "==":"eq",
                                                                                                                                                                                                                    "!=":"ne",
                                                                                                                                                                                                                    "&&":"and",
                                                                                                                                                                                                                    "||":"or"
}
{"Configuration
{
                                                                                                                                                                                                                      "default_loaded_functions":"Functions\mathlogic.ppl",
                                                                                                                                                                                                                      "Code":"ppl",
                                                                                                                                                                                                                      "debugppl":"no",
                                                                                                                                                                                                                      "OFD_port":"11000",
                                                                                                                                                                                                                      "ReplaceMathLogicOperators":"no",
                                                                                                                                                                                                                      "UserImport1":"Directory",
                                                                                                                                                                                                                      "UserImport2":"Math"
}
                                                                                                                                                                                                                      }
}
