[
  {
    "cmd": "help",
    "ppl": ["String.help([name])"]
  },
  {
    "cmd": "Compare",
    "ppl": ["String.Compare (stringA)(stringB)"]
  },
  {
    "cmd": "Concat",
    "ppl": ["String.Concat (value...)"]
  },
  {
    "cmd": "Contains",
    "ppl": ["String.Contains (string)(value)"]
  },
  {
    "cmd": "Format",
    "ppl": ["String.Format (format)(value...)"]
  },
  {
    "cmd": "IndexOf",
    "ppl": ["String.IndexOf (string)(value)[(startindex)][(count)]"]
  },
  {
    "cmd": "LastIndexOf",
    "ppl": ["String.LastIndexOf (string)(value)[(startindex)][(count)]"]
  },
  {
    "cmd": "Insert",
    "ppl": ["String.Insert (string)(startindex)(insert_string)"]
  },
  {
    "cmd": "Remove",
    "ppl": ["String.Remove (string)(startindex)(number)"]
  },
  {
    "cmd": "Split",
    "ppl": ["String.Split (string)(ppl_array_separators)(ppl_array_result)"]
  },
  {
    "cmd": "SplitCsv",
    "ppl": ["String.SplitCsv (string)(separator)("ppl_array_result")"]
  },
  {
    "cmd": "Replace",
    "ppl": ["String.Replace (string)(old_value)(new_value)"]
  },
  {
    "cmd": "DeleteEndOfLine",
    "ppl": ["String.DeleteEndOfLine (value...)"]
  },
  {
    "cmd": "StartsWith",
    "ppl": ["String.StartsWith (string)(value)"]
  },
  {
    "cmd": "Substring",
    "ppl": ["String.Substring (string)(startindex)(length)"]
  },
  {
    "cmd": "ToCharArray",
    "ppl": ["String.ToCharArray (string)("ppl_char_array")"]
  },
  {
    "cmd": "ToLower",
    "ppl": ["String.ToLower (string)"]
  },
  {
    "cmd": "ToUpper",
    "ppl": ["String.ToUpper (string)"]
  },
  {
    "cmd": "Trim",
    "ppl": ["String.Trim (string)(trim_string)"]
  },
  {
    "cmd": "Char",
    "ppl": ["String.Char (string)(index)"]
  },
]
