[
  {
    "cmd": "help",
    "ppl": ["DataFrame.help([name])"]
  },
  {
    "cmd": "Create",
    "ppl": ["DataFrame.Create()"]
  },
  {
    "cmd": "SetRow",
    "ppl": ["DataFrame.SetRow()"]
  },
  {
    "cmd": "SetColumn",
    "ppl": ["DataFrame.SetColumn()"]
  },
  {
    "cmd": "Write",
    "ppl": ["DataFrame.Write()"]
  },
  {
    "cmd": "Save",
    "ppl": ["DataFrame.Save()"]
  },
  {
    "cmd": "Read",
    "ppl": ["DataFrame.Read()"]
  },
  {
    "cmd": "InsertRows",
    "ppl": ["DataFrame.InsertRows()"]
  },
  {
    "cmd": "AddRows",
    "ppl": ["DataFrame.AddRows()"]
  },
  {
    "cmd": "InsertColumns",
    "ppl": ["DataFrame.InsertColumns()"]
  },
  {
    "cmd": "AddColumns",
    "ppl": ["DataFrame.AddColumns()"]
  },
  {
    "cmd": "RemoveRows",
    "ppl": ["DataFrame.RemoveRows()"]
  },
  {
    "cmd": "RemoveColumns",
    "ppl": ["DataFrame.RemoveColumns()"]
  },
  {
    "cmd": "ClearColumns",
    "ppl": ["DataFrame.ClearColumns()"]
  },
  {
    "cmd": "SetWidthForAll",
    "ppl": ["DataFrame.SetWidthForAll()"]
  },
  {
    "cmd": "Sort",
    "ppl": ["DataFrame.Sort()"]
  },
  {
    "cmd": "Reverse",
    "ppl": ["DataFrame.Reverse()"]
  },
  {
    "cmd": "SelectRows",
    "ppl": ["DataFrame.SelectRows()"]
  },
  {
    "cmd": "UnSelectRows",
    "ppl": ["DataFrame.UnSelectRows()"]
  },
]
