{
  "groups": {
   
    "Service commands": [
      {
        "cmd": "help",
        "ppl": ["help | ? [<library name>] | keyword"]
      },
      {
        "cmd": "version",
        "ppl": ["version"]
      },
      {
        "cmd": "cls",
        "ppl": ["cls"]
      },
      {
        "cmd": "shell",
        "ppl": ["shell (command with parameters[#command with parameters])"]
      },
      {
        "cmd": "init",
        "ppl": ["init   (for console input only)"]
      },
      {
        "cmd": "code",
        "ppl": ["code [ppl | scr]"]
      },
      {
        "cmd": "sumdata",
        "ppl": ["sumdata [digit | string]",
                "by default: digit" 
               ]
      },
      {
        "cmd": "showcode",
        "ppl": ["showcode [yes | no]"]
      },
      {
        "cmd": "readcode (rc)",
        "ppl": ["readcode | rc <file.scr|ppl> [arg1 arg2 ...]"]
      },
      {
        "cmd": "fdreadcode (fdrc)",
        "ppl": ["fdreadcode|fdrc"]
      },

      {
        "cmd": "createpplcode (cpc)",
        "ppl": ["createpplcode | cpc (src.scr)(dst.ppl)[(all)]"],
        "scr": ["createpplcode | cpc src.scr dst.ppl [all]"]
      },

      {
        "cmd": "display (d)",
        "ppl": ["display | d [root | Global | Functions | Configuration| Local | path_node.name]"]
      },
      {
        "cmd": "displaynodes (dn)",
        "ppl": ["displaynodes | dn [root | Global | Functions | Configuration| Local | path_node.name]"]
      },
      {
        "cmd": "dstree",
        "ppl": ["dstree() | dstree"]
      },
      {
        "cmd": "datanames",
        "ppl": ["datanames [Local]"]
      },
      {
        "cmd": "suspend",
        "ppl":["suspend"]
      },
      {
        "cmd": "resume",
        "ppl": ["resume"]
      },
      {
        "cmd": "debugppl",
        "ppl": ["debugppl [yes|no]"]
      },
      {
        "cmd": "traceppl",
        "ppl": ["traceppl [yes|no]"]
      },
      
      {
        "cmd": "recreate",
        "ppl":["recreate [yes|no]"]
      },
      {
        "cmd": "log",
        "ppl": ["log [yes|no]"]
      },
      {
        "cmd": "exit",
        "ppl": ["exit"]
      } 
    ],

    "Special commands": [
      {
        "cmd": "import",
        "ppl": ["import Library_name"]
      },
      {
        "cmd": "importlist",
        "ppl": ["importlist"]
      },
      {
        "cmd": "eval",
        "ppl": ["(\"eval ppl expression [;ppl expression;...]\") [(result)]"]
      },
      {
        "cmd": "length",
        "ppl": ["length (var | const name | array name|storage name)"]
      },
      {
        "cmd": "isexist",
        "ppl": ["isexist(name) | isexist name"],
      },
      {
        "cmd": "isdigits",
        "ppl": ["isdigits(var name | member of array or storage | literal ) | ",
                "isdigits var name | member of array or storage  | literal"]
      },
      {
        "cmd": "isinteger",
        "ppl": ["isinteger(var name | member of array or storage | literal ) | ",
               "isinteger var name | member of array or storage  | literal"]
      },
      {
        "cmd": "isalldigits",
        "ppl": ["isalldigits(member of array or storage) | ",
                "isalldigits member of array or storage"]

      },
      {
        "cmd": "isallinteger",
        "ppl": ["isallinteger(member of array or storage) | ",
               "isallinteger member of array or storage"]
      },
      {
        "cmd": "iseven",
        "ppl": ["iseven(var name | member of array or storage | literal ) |",
                "iseven var name | member of array or storage | literal"]
      },
      {
        "cmd": "isodd",
        "ppl": ["isodd(var name | member of array or storage | literal )  |",
                "isodd var name | member of array or storage | literal"]
      },
      {
        "cmd": "del",
        "ppl": ["del fullname | all"]
      },
      {
        "cmd": "calc",
        "ppl": ["calc math_infix_expression"]
      },
      {
        "cmd": "sleep",
        "ppl": ["sleep(msec)"]
      },
      {
        "cmd": "getbykey",
        "ppl": ["getbykey(name array)(name element)"],
      },
      {
        "cmd": "getbyvalue",
        "ppl": ["getbyvalue(name array)(value element)"],
      },
      {
        "cmd": "set",
        "ppl": 
        [  "set(var_name)(value)",
           "set(array_name[index]) (value | ppl expression)"],         
        "scr": 
         ["set var_name = value | scr expression",
          "set array_name[index] = value | scr expression"]
      },
      {
        "cmd": "setkvp",
        "ppl": 
        [ "setkvp(array_name[index])(key)(value | ppl expression)"],
        "scr": 
         [ "setkvp array_name[index] = key,value | scr expression"]
      },
      {
        "cmd": "getvalue",
        "ppl": ["getvalue (var_name) | getvalue(array_name[index]",
                "index:= value|ppl expression"]
      },
      {
        "cmd": "getname",
        "ppl": ["getname (name)"]
      },
      {
        "cmd": "gettoken",
        "ppl": ["gettoken (name)(separator)[(index)]"]
      }
    ],

    "Nodes and Leaves": [
      {
        "cmd": "createnode",
        "ppl": ["createnode(path.name) | createnode path.name"]
      },
      {
        "cmd": "copynode",
        "ppl": ["copynode (src node)(dst node)[number of copies]"]
      },
      {
        "cmd": "getnodes",
        "ppl": ["getnodes (top node)[(nesting)](\"ppl_array\")"]
      },
      {
        "cmd": "getleaves",
        "ppl": ["getleaves(node)(\"ppl_array\")"]
      }
    ],
    
    "Structures": [
      {
        "cmd": "definestruct",
        "scr": ["definestruct name",
          "{",
          "var| array|  name;",
          "insertstruct name;",
          "………………………………….",
          "}"
          ]
      },     
      {
        "cmd": "insertstruct",
        "scr": ["insertstruct object_name[ [size] ] as struct_name;"]
      },
      {
        "cmd": "createstruct",
        "scr": ["createstruct object_name[ [size] ] as struct_name;"]
      }
    ],
 
    "Variables and Array": [
      {
        "cmd": "var",
        "ppl": ["var (name)| (name[init value]) ",
                "name:= [node path]name",
                "node path:= node. | node",
                "init value:= value| ppl expression",
                "ppl expression:=value | prefix notation  expression"],
        "scr": ["var name1,name2...|name1,name2... = init value",
                "name:= node path.name",
                "node path:= node. | node",
                "init value:= value| scr expression",
                "scr expression:= value | infix notation  expression"]
      },
      {
        "cmd": "const",
        "ppl": ["const (name)| (name[init value]) ",
          "name:= [node path]name",
          "node path:= node. | node",
          "init value:= value| ppl expression",
          "ppl expression:=value | prefix notation  expression"],
        "scr": ["const name1,name2...|name1,name2 = init value",
          "name:= node path.name",
          "node path:= node. | node",
          "init value:= value| scr expression",
          "scr expression:= value | infix notation  expression"]
      },
      {
        "cmd": "array",
        "ppl": ["array(array_name [length]) [ (init value)]",
        "array(name)(1st item)(2nd item)…",
        "name:= node path.name",
        "node path:= node. | node",
        "length:= value| ppl expression",
        "init value:= value| ppl expression",
        "item:= value| ppl expression",
        "ppl expression:=value | prefix notation  expression"        
        ],
        "scr": ["array_name[length];",
        "array name [length] = init value;",
        "array name [] = {1st item, 2nd  item,…};",
        "name:= node path.name",
        "node path:= node. | node",
        "length:= value| scr expression",
        "init value:= value| scr expression",
        "item:= value| scr expression"
        ]
      },
      {
        "cmd": "realloc",
        "ppl": ["realloc(array_name)(new length)",
                "realloc(array_name)(new length) (init_value)"],
        "scr": ["realloc(array_name)(new length)",
                "realloc(array_name)(new length) (init_value)",
                "realloc array_name[new length]",
                "realloc array_name[new length] = init_value"]
      },
      {
        "cmd": "array.push",
        "ppl": ["Adds a new item to an array as last",
        "array.push (array_name)(item_value) | array.push (array_name)(item_name)(item_value)"],
        "scr":["(array_name,item_value) | array.push (array_name, item_name, item_value)"
        ]
      },
      {
        "cmd": "array.pop",
        "ppl": ["Returns the latest item and removes it  or Empty", "array.pop (array_name)"]
      },
      {
        "cmd": "array.reverse",
        "ppl": ["array.reverse (array_name)"],
        "scr": ["array.reverse (array_name) | array.reverse array_name"]
      },
      {
        "cmd": "array.shift",
        "ppl": ["Removes the first item of the array", "array.shift (array_name)"],
        "scr": ["array.shift (array_name) | array.shift array_name"]
      },
      {
        "cmd": "array.unshift",
        "ppl": ["Adds a new item as first to an array",
          "array.unshift (array_name)(item_value) |",
          "array.unshift (array_name)(item_name)(item_value)"],
        "scr": ["array.unshift (array_name, item_value) |", 
                "array.unshift (array_name, item_name, item_value)"]
      },
      {
        "cmd": "array.remove",
        "ppl": ["Removes item by index |", "array.remove (array_name)(index)"],
        "scr": ["array.remove  array_name index |", 
                "array.remove (array_name, index) |",
                "array.remove (array_name)(index)"]
      },
      {
        "cmd": "array.clear",
        "ppl": ["Removes all items from array", "array.clear (array_name)"],
        "scr": ["array.clear array_name | array.clear (array_name)"]
      },
      { 
        "cmd": "array.insert",
        "ppl": ["Inserts item before item with index",
        "array.insert (array_name)(index)(item_value) |",
        "array.insert (array_name)(index)(item_name)(item_value)"],
        "scr": [
        "array.insert (array_name,index,item_value) |",
        "array.insert (array_name,index,item_name,item_value)"],
      },

      { 
        "cmd": "array.slice",
        "ppl": ["Forms a slice [of specified length] out of the current array segment starting at the specified index",
        "array.slice (array name)(index) |\r\n   array.slice (array name)(index)(length)"],
        "scr": [
        "array.slice (array name,index) |",
        "array.slice (array name,index,length)"],
      },

      { 
        "cmd": "array.sum",
        "ppl": ["Returns the sum of all items in array or \"Error\"",
        "array.sum(array name)"]
      },
      { 
        "cmd": "array.min",
        "ppl": ["Returns the minimum value in array",
        "array.min(array name)"]
      },
      { 
        "cmd": "array.max",
        "ppl": ["Returns the maximum value in array",
        "array.max(array name)"]
      },
      { 
        "cmd": "array.average",
        "ppl": ["Returns the average value in array",
        "array.average(array name)"]
      },
      { 
        "cmd": "array.copy",
        "ppl": ["Copies src array to dst array",
        "array.copy(src array)(dst array)"]
      },
      { 
        "cmd": "array.first",
        "ppl": ["Returns value of the first item in array",
        "array.first(array name)"]
      },
      { 
        "cmd": "array.last",
        "ppl": ["Returns value of the last item in array",
        "array.last(array_name)"]
      },
      { 
        "cmd": "array.concat",
        "ppl": ["Concatenates several arrays",
        "array.concat (src array1)(src array2)(...src arrayN )\r\n   (dst array)"],
        "scr": [
        "array.concat src_array1 src_array2 ...src_arrayN  dst_array |",
        "array.concat (src_array1,src_array2,...src_arrayN, dst_array) |",
        "array.concat (src_array1)(src_array2)(...src_arrayN)(dst_array)"
        ]
      }
    ],

    "Storage": [
      {
        "cmd": "storage",
        "ppl": ["storage (name)[(length dim1)][( length dim2)]…",
        "name:= node path.name",
        "node path:= node. | node",
        "length:= value| ppl expression",
        "ppl expression:=value | prefix notation  expression"],
        "scr":["storage name","storage name [length dim1, length dim2...]"

        ]
      },
      {
        "cmd": "sinit",
        "ppl": ["sinit (name)(init value) "],
        "scr": ["sinit name = init value"]
      },
      {
        "cmd": "sget",
        "ppl": ["sget (name)(index1)(index2)…"]
      },
      {
        "cmd": "sset",
        "ppl": ["sset (name)(index1)(index2)(value)"],
        "scr":["sset name [index1,index2] = value"]
      },
      {
        "cmd": "swrite",
        "ppl": ["swrite(name) [(max_window_width)]",
               "default_max_window_width=100"],
        "scr": ["swrite name [max_window_width]",
                "default_max_window_width=100"]
      },
      {
        "cmd": "sinfo",
        "ppl": ["sinfo(name) "]
      },
      {
        "cmd": "ssetrow",
        "ppl": ["ssetrow(name)(ind1)(ind2)(indN)… (elem1)(elem2)(elemM)…"],
        "scr": ["ssetrow name[ind1,ind2,indN…] = {elem1,elem2,elemM…}"]
      }
    ],

    "Backup and Recovery": [
      {
        "cmd": "savedata",
        "ppl": ["savedata(filename.data)[(node)]"],
        "scr": ["savedata filename.data [ node ]"]
      },
      {
        "cmd": "readdata",
        "ppl": ["readdata(filename.data)[(node)]"],
        "scr": ["readdata filename.data [ node ]"]
      },
    ],

    "Control Flow": [
      {
        "cmd": "if, else",
        "ppl": ["if(condition)",
          "(",
          "  (statement)",
          "  (statement)",
          "  [(else",
          "     ( ",
          "       (statement)",
          "       (statement)",
          "     )",
          "  )]",
          ");"
        ],        
        
        "scr": ["if (condition)",
        "{",
        "   statement",
        "   statement",
        "   [else",
        "    {",
        "      statement",
        "      statement",
        "    }]",
        "}"
        ]
      },     
      {
        "cmd": "switch, case, default",
        "ppl": ["switch(expression)",
          "(",
          "  (case1) (case2)…",
          "  (",
          "    (statement)",  
          "    ...",
          "  )",
          "  (caseN)…",
          "  (",
          "    (statement)",  
          "    ...",
          "  )",
          "  ](default)",
          "  (",
          "    (statement)",  
          "    ...",
          "  )]", 
          ");"         
          ], 
          "scr": ["switch(expression)",
            "{",
            "  case <value>:", 
            "  case <value>:",
            "    statement;",
            "  break;",
            "  case <value>:",
            "    statement;",
            "  break;",
            "  [default:",
            "    statement;",
            "  break;]",
            "}"           
           ]
      },
      {
        "cmd": "loop,do,for",
        "ppl": ["loop (iteration var)(begin)(end)[(increment)]  or",
          "  loop ()    infinity loop",   
          "  (do",
          "    (",
          "      (statement)",
          "      (statement)",
          "      …",
          "    )",
          "  )",
          "  begin:= value|ppl expression",
          "  end:= value|ppl expression",
          "  increment:= value|ppl expression"    
      ],        
        "scr": ["for(iteration var, begin, end [, increment])  or",
          "for()  // infinity for",
          "{", 
          "   statement;",
          "   statement;",
          "   …",
          "}"          
        ]
      },
      {
        "cmd": "setloopend", 
        "ppl": ["Changes end in loop (iteration var)(begin)(end)[(increment)]  inside iteration block",
               "  setloopend (end)"],
        "scr":["  setloopend end"]
      },
      {
        "cmd": "break",
        "ppl": ["Exit from loop (ppl mode) or from for (scr mode) or end of case in switch block"]
      },
      {
        "cmd": "continue",
        "ppl": ["Continue executing in loop (ppl mode) or in for (scr mode)"]
      },
    ],

    "Input Output": [
      {
        "cmd": "write, writeline, write#",
        "ppl": ["write(value) | write(c# format)( value )(value)…",
                "value:=value | ppl expression with prefix notation" ],        
        "scr": ["write#(arg) | write#(\"c# format\", arg1 , arg2,…)",
                "writeline(arg) | writeline(\"c# format\", arg1 , arg2,…)"]
      },
      {
        "cmd": "writearray",
        "ppl": ["Writes array contents to the standard output stream",
                "writearray ([node.]array_name | [node.]array_name)  [(row)]" ],
        "scr": ["writearray [node.]array_name [row]",
                "writearray ([node.]array_name [, row])"  ]        
      },
      {
        "cmd": "readline",
        "ppl": ["Reads the next line of characters from the standard input stream.",
                " Result will be 	passed to calling operator",
                "readline()"]
      }
    ],

    "Functions": [
      {
        "cmd": "function",
        "ppl": ["function",
          "(",    
          "  name", 
          "  parameter_list",
          "      ( function body )",  
          ");",
          "name::=  identifier",
          "parameter::=  (identifier) | (identifier[default value]) | empty",
          "function body::= (statement1) [(statement2) (statementN)]",
          "identifier::= [var] | [array] | [storage] | [struct] | [struct array]:<name>"    
        ],        
        "scr": ["function      name",
                " (parameter_list)",
                "{",       
                "   function body",
                "}",
                "name::=  identifier",
                "parameter_list::= parameter, [parameter_list]",
                "parameter::= ",
                "identifier | identifier[default value] | identifier = default value | empty",
                "function body::= statement1 [ statement2   statementN ]",
                "identifier::= [var] | [array] | [storage] | [struct] | [struct array]:<name>",
                "By default parameter type is var."
        ]
      },
      {
        "cmd": "funclist",
        "scr": ["funclist| finclist()"]
      },
      {
        "cmd": "funcname",
        "ppl": ["Returns the current function name",
                "fincname()"]
      },
      {
        "cmd": "argc",
        "ppl": ["Returns number of arguments", "argc()"]
      },
      {
        "cmd": "getargname",
        "ppl": ["Returns argument name by parameter name", "getargname(parameter name)"]
      },
      {
        "cmd": "call",
        "scr": ["call function_name(arg1,arg2,…)"]
      },
      {
        "cmd": "return",
        "ppl": ["Returns from function or exit from script, passes result from called function",
               "return [(prefix statement)]"],
        "scr": ["return [(infix statement)]"]
      },
      {
        "cmd": "getreturn",
        "ppl": ["Gets result of return passed from called function",
               "return [(save)]"        ]
      },
    ],
    "Delegates and Callbacks": [
      {
        "cmd": "delegate",
        "ppl": ["delegate | dlgt(delegate name)(param1)(param2)...",
                "param:= var | var:<name> | array | array:<name>"],
        "scr": ["delegate | dlgt(delegate name)(param1)(param2)...",
                "param:= var | var:<name> | array | array:<name>"
        ]
      },
      {
        "cmd": "dlgtinstance",
        "ppl": ["dlgtinstance <delegate instance name><delegate name>"],
        "scr": ["dlgtinstance <delegate instance name><delegate name>"]
      },
      {
        "cmd": "dlgtset",
        "ppl": ["dlgtset (delegate instance name)(function name)"],
        "scr": ["dlgtset (delegate instance name)(function name)"]
      },
      {
        "cmd": "dlgtcall",
        "ppl": ["dlgtcall(delegate instance name)(arg1)(arg2)(arg3)…"],
        "scr": ["dlgtcall delegate instance name (arg1,arg2,arg3,...)"]
      },
      {
        "cmd": "callback",
        "ppl": ["callback (callback name)(arg1)(arg2)(arg3)…"],
        "scr": ["callback  callback name (arg1,arg2,arg3,...)"]
      },
    ]
  }
}