[
  {
    "cmd": "help",
    "ppl": ["Statistics.help([name])"]
  },
  {
    "cmd": "Covariance",
    "ppl": ["Statistics.Covariance(\"sample1\")(\"sample2\")"]
  },
  {
    "cmd": "FiveNumberSummary",
    "ppl": ["Statistics.FiveNumberSummary(\"sample_name\")(\"result_array5\")"]
  },
  {
    "cmd": "GMean",
    "ppl": ["Statistics.GMean(\"array_ppl\")"]
  },
  {
    "cmd": "HMean",
    "ppl": ["Statistics.HMean(\"array_ppl\")"]
  },
  {
    "cmd": "Maximum",
    "ppl": ["Statistics.Maximum(\"array_ppl\")"]
  },
  {
    "cmd": "Mean",
    "ppl": ["Statistics.Mean(\"array_ppl\")"]
  },
  {
    "cmd": "MeanStandardDeviation",
    "ppl": ["Statistics.MeanStandardDeviation(\"array_ppl\")"]
  },
  {
    "cmd": "Median",
    "ppl": ["Statistics.Median(\"array_ppl\")"]
  },
  {
    "cmd": "Minimum",
    "ppl": ["Statistics.Minimum(\"array_ppl\")"]
  },
  {
    "cmd": "OrderStatistic",
    "ppl": ["Statistics.OrderStatistic(\"array_ppl\")(order)"]
  },
  {
    "cmd": "Percentile",
    "ppl": ["Statistics.Percentile(\"array_ppl\")(selector)"]
  },
  {
    "cmd": "PopulationCovariance",
    "ppl": ["Statistics.PopulationCovariance(\"sample1\")(\"sample2\")"]
  },
  {
    "cmd": "PopulationStandardDeviation",
    "ppl": ["Statistics.PopulationStandardDeviation(\"array_ppl\")"]
  },
  {
    "cmd": "PopulationVariance",
    "ppl": ["Statistics.PopulationVariance(\"array_ppl\")"]
  },
  {
    "cmd": "QuantileCustom",
    "ppl": ["Statistics.QuantileCustom(\"array_ppl\")(tau)(definition)"]
  },
  {
    "cmd": "Quantile",
    "ppl": ["Statistics.Quantile(\"array_ppl\")(tau)"]
  },
  {
    "cmd": "Ranks",
    "ppl": ["Statistics.Ranks(\"array_ppl\")(\"rank_array_ppl\")(definition)"]
  },
  {
    "cmd": "RootMeanSquare",
    "ppl": ["Statistics.RootMeanSquare(\"array_ppl\")"]
  },
  {
    "cmd": "StandardDeviation",
    "ppl": ["Statistics.StandardDeviation(\"array_ppl\")"]
  },
  {
    "cmd": "Variance",
    "ppl": ["Statistics.Variance(\"array_ppl\")"]
  },
]
