[
    {
        "name" : "var",
        "block": false,
        "patterns": [
            "pattern_name",
            "pattern_name="
        ] 

    },
    {
        "name" :"set",
        "block": false,
        "patterns": [
            "pattern_name="
        ] 

    },
    {
        "name" :"array",
        "block": false,
        "patterns": [
            "pattern_name",
            "pattern_name=",
            "pattern_list"
        ] 
    },
    {
        "name" :"function",
        "block": true,
        "patterns": [
            "pattern_function"
        ] 
    },
    {
        "name" :"for",
        "block": true,
        "patterns": [
            "pattern_for1",
            "pattern_for2"
        ] 
    }

]