[
  {
    "name": "pattern_name",
    "description": [
      {  "name": "name" }
    ]
  },
  {
    "name": "pattern_name=",
    "description": [
      {  "name": "name" },
      {  "name": "delimiter", "value": "="  },
      {  "name": "value"}
    ]
  },
  {
    "name": "pattern_name=,",
    "description": [
      {  "name": "name" },
      {  "name": "delimiter", "value": "="  },
      {  "name": "value1"},
      {  "name": "delimiter", "value": "," },
      {  "name": "value2" }
    ]
  },
  {
   "name": "pattern_list",
    "description": [
      { "name": "name" },
      { "name": "delimiter",   "value": "="  },     
      { "name": "delimiter",   "value": "{" },
      { "name": "*",        "value": "," },
      { "name": "delimiter",   "value": "}" }
    ]
  },

  {
    "name": "pattern_function",
    "description": [
      {  "name": "name" },
      {  "name": "delimiter",  "value": "(" },
      {  "name": "params"},
      {  "name": "delimiter",  "value": ")" }
    ]
  },
  {
    "name": "pattern_for1",
    "description": [
      { "name": "delimiter", "value": "("  },
      { "name": "loop_var" },
      { "name": "delimiter", "value": ","  },
      { "name": "begin" },
      { "name": "delimiter", "value": ","  },
      { "name": "end" },
      { "name": "delimiter", "value": ")"  }
    ]
  },
  {
    "name": "pattern_for2",
    "description": [
      {  "name": "delimiter",  "value": "(" },
      {  "name": "loop_var" },
      {  "name": "delimiter",  "value": ","  },
      {  "name": "begin" },
      {  "name": "delimiter",  "value": "," },
      {  "name": "end" },
      {  "name": "delimiter",  "value": "," },
      {  "name": "increment" },
      {  "name": "delimiter",  "value": ")" },  
    ]
  }
]