[
  {
    "cmd": "help",
    "ppl": ["Array.help([name])"]
  },
  {
    "cmd": "Max",
    "ppl": ["Array.Max ("ppl_array")"]
  },
  {
    "cmd": "Min",
    "ppl": ["Array.Min ("ppl_array")"]
  },
  {
    "cmd": "Sum",
    "ppl": ["Array.Sum ("ppl_array")"]
  },
  {
    "cmd": "Average",
    "ppl": ["Array.Average ("ppl_array")"]
  },
  {
    "cmd": "Sum2",
    "ppl": ["Array.Sum2 ("ppl_array1")("ppl_array2")("ppl_array_result")"]
  },
  {
    "cmd": "Sub2",
    "ppl": ["Array.Sub2 ("ppl_array1")("ppl_array2")("ppl_array_result")"]
  },
  {
    "cmd": "Mult2",
    "ppl": ["Array.Mult2 ("ppl_array1")("ppl_array2")("ppl_array_result")"]
  },
  {
    "cmd": "Div2",
    "ppl": ["Array.Div2 ("ppl_array1")("ppl_array2")("ppl_array_result")"]
  },
  {
    "cmd": "Sort",
    "ppl": ["Array.Sort ("ppl_array")(type)"]
  },
  {
    "cmd": "Reverse",
    "ppl": ["Array.Reverse ("ppl_array")"]
  },
  {
    "cmd": "IndexOf",
    "ppl": ["Array.IndexOf ("ppl_array")(value)"]
  },
  {
    "cmd": "LastIndexOf",
    "ppl": ["Array.LastIndexOf ("ppl_array")(value)"]
  },
]
