<NotepadPlus>
    <UserLang name="ppl" ext="ppl scr" udlVersion="2.1">
        <Settings>
            <Global caseIgnored="no" allowFoldOfComments="no" foldCompact="no" forcePureLC="0" decimalSeparator="0" />
            <Prefix Keywords1="no" Keywords2="no" Keywords3="no" Keywords4="no" Keywords5="no" Keywords6="no" Keywords7="no" Keywords8="no" />
        </Settings>
        <KeywordLists>
            <Keywords name="Comments">00// 01 02 03/* 04*/</Keywords>
            <Keywords name="Numbers, prefix1"></Keywords>
            <Keywords name="Numbers, prefix2"></Keywords>
            <Keywords name="Numbers, extras1"></Keywords>
            <Keywords name="Numbers, extras2"></Keywords>
            <Keywords name="Numbers, suffix1"></Keywords>
            <Keywords name="Numbers, suffix2"></Keywords>
            <Keywords name="Numbers, range"></Keywords>
            <Keywords name="Operators1"></Keywords>
            <Keywords name="Operators2"></Keywords>
            <Keywords name="Folders in code1, open"></Keywords>
            <Keywords name="Folders in code1, middle"></Keywords>
            <Keywords name="Folders in code1, close"></Keywords>
            <Keywords name="Folders in code2, open"></Keywords>
            <Keywords name="Folders in code2, middle"></Keywords>
            <Keywords name="Folders in code2, close"></Keywords>
            <Keywords name="Folders in comment, open"></Keywords>
            <Keywords name="Folders in comment, middle"></Keywords>
            <Keywords name="Folders in comment, close"></Keywords>
            <Keywords name="Keywords1">var&#x000D;&#x000A;array&#x000D;&#x000A;realloc&#x000D;&#x000A;empty&#x000D;&#x000A;storage&#x000D;&#x000A;sinit&#x000D;&#x000A;sget&#x000D;&#x000A;sset&#x000D;&#x000A;swrite&#x000D;&#x000A;sinfo&#x000D;&#x000A;ssetrow&#x000D;&#x000A;tab&#x000D;&#x000A;comma&#x000D;&#x000A;space</Keywords>
            <Keywords name="Keywords2">help&#x000D;&#x000A;version&#x000D;&#x000A;shell&#x000D;&#x000A;init&#x000D;&#x000A;code&#x000D;&#x000A;showcode&#x000D;&#x000A;readcode&#x000D;&#x000A;rc&#x000D;&#x000A;fdreadcode&#x000D;&#x000A;createpplcode&#x000D;&#x000A;cpc&#x000D;&#x000A;display&#x000D;&#x000A;d&#x000D;&#x000A;displaynodes&#x000D;&#x000A;dn&#x000D;&#x000A;dstree&#x000D;&#x000A;datanames&#x000D;&#x000A;suspend&#x000D;&#x000A;resume&#x000D;&#x000A;debugppl&#x000D;&#x000A;log,exit&#x000D;&#x000A;if&#x000D;&#x000A;else&#x000D;&#x000A;switch&#x000D;&#x000A;case&#x000D;&#x000A;default&#x000D;&#x000A;loop&#x000D;&#x000A;do&#x000D;&#x000A;for&#x000D;&#x000A;break&#x000D;&#x000A;continue</Keywords>
            <Keywords name="Keywords3">import&#x000D;&#x000A;importlist&#x000D;&#x000A;eval&#x000D;&#x000A;length&#x000D;&#x000A;calc&#x000D;&#x000A;isexist&#x000D;&#x000A;isdigits&#x000D;&#x000A;isinteger&#x000D;&#x000A;iseven&#x000D;&#x000A;isodd&#x000D;&#x000A;del&#x000D;&#x000A;getbyvalue&#x000D;&#x000A;set&#x000D;&#x000A;getvalue&#x000D;&#x000A;getname</Keywords>
            <Keywords name="Keywords4">createnode&#x000D;&#x000A;copynode&#x000D;&#x000A;getnodes&#x000D;&#x000A;getleaves</Keywords>
            <Keywords name="Keywords5">write&#x000D;&#x000A;writearray&#x000D;&#x000A;readline&#x000D;&#x000A;savedata&#x000D;&#x000A;readdata&#x000D;&#x000A;</Keywords>
            <Keywords name="Keywords6"></Keywords>
            <Keywords name="Keywords7"></Keywords>
            <Keywords name="Keywords8"></Keywords>
            <Keywords name="Delimiters"></Keywords>
        </KeywordLists>
        <Styles>
            <WordsStyle name="DEFAULT" fgColor="000000" bgColor="FFFFFF" fontStyle="0" nesting="0" />
            <WordsStyle name="COMMENTS" fgColor="808080" bgColor="FFFFFF" fontStyle="0" nesting="0" />
            <WordsStyle name="LINE COMMENTS" fgColor="808080" bgColor="FFFFFF" fontStyle="0" nesting="0" />
            <WordsStyle name="NUMBERS" fgColor="808080" bgColor="FFFFFF" fontStyle="0" nesting="0" />
            <WordsStyle name="KEYWORDS1" fgColor="0637B9" bgColor="FFFFFF" fontStyle="1" nesting="0" />
            <WordsStyle name="KEYWORDS2" fgColor="FF0000" bgColor="FFFFFF" fontStyle="1" nesting="0" />
            <WordsStyle name="KEYWORDS3" fgColor="008000" bgColor="FFFFFF" fontStyle="1" nesting="0" />
            <WordsStyle name="KEYWORDS4" fgColor="008000" bgColor="FFFFFF" fontStyle="0" nesting="0" />
            <WordsStyle name="KEYWORDS5" fgColor="008000" bgColor="FFFFFF" fontStyle="0" nesting="0" />
            <WordsStyle name="KEYWORDS6" fgColor="000000" bgColor="FFFFFF" fontStyle="0" nesting="0" />
            <WordsStyle name="KEYWORDS7" fgColor="000000" bgColor="FFFFFF" fontStyle="0" nesting="0" />
            <WordsStyle name="KEYWORDS8" fgColor="000000" bgColor="FFFFFF" fontStyle="0" nesting="0" />
            <WordsStyle name="OPERATORS" fgColor="000000" bgColor="FFFFFF" fontStyle="0" nesting="0" />
            <WordsStyle name="FOLDER IN CODE1" fgColor="000000" bgColor="FFFFFF" fontStyle="0" nesting="0" />
            <WordsStyle name="FOLDER IN CODE2" fgColor="000000" bgColor="FFFFFF" fontStyle="0" nesting="0" />
            <WordsStyle name="FOLDER IN COMMENT" fgColor="000000" bgColor="FFFFFF" fontStyle="0" nesting="0" />
            <WordsStyle name="DELIMITERS1" fgColor="000000" bgColor="FFFFFF" fontStyle="0" nesting="0" />
            <WordsStyle name="DELIMITERS2" fgColor="000000" bgColor="FFFFFF" fontStyle="0" nesting="0" />
            <WordsStyle name="DELIMITERS3" fgColor="000000" bgColor="FFFFFF" fontStyle="0" nesting="0" />
            <WordsStyle name="DELIMITERS4" fgColor="000000" bgColor="FFFFFF" fontStyle="0" nesting="0" />
            <WordsStyle name="DELIMITERS5" fgColor="000000" bgColor="FFFFFF" fontStyle="0" nesting="0" />
            <WordsStyle name="DELIMITERS6" fgColor="000000" bgColor="FFFFFF" fontStyle="0" nesting="0" />
            <WordsStyle name="DELIMITERS7" fgColor="000000" bgColor="FFFFFF" fontStyle="0" nesting="0" />
            <WordsStyle name="DELIMITERS8" fgColor="000000" bgColor="FFFFFF" fontStyle="0" nesting="0" />
        </Styles>
    </UserLang>
</NotepadPlus>
