[
  {
    "cmd": "help",
    "ppl": ["Array.help([name])"]
  },
  {
    "cmd": "Max",
    "ppl": ["Array.Max()"]
  },
  {
    "cmd": "Min",
    "ppl": ["Array.Min()"]
  },
  {
    "cmd": "Sum",
    "ppl": ["Array.Sum()"]
  },
  {
    "cmd": "Average",
    "ppl": ["Array.Average()"]
  },
  {
    "cmd": "Sum2",
    "ppl": ["Array.Sum2()"]
  },
  {
    "cmd": "Sub2",
    "ppl": ["Array.Sub2()"]
  },
  {
    "cmd": "Mult2",
    "ppl": ["Array.Mult2()"]
  },
  {
    "cmd": "Div2",
    "ppl": ["Array.Div2()"]
  },
  {
    "cmd": "Sort",
    "ppl": ["Array.Sort()"]
  },
  {
    "cmd": "Reverse",
    "ppl": ["Array.Reverse()"]
  },
  {
    "cmd": "IndexOf",
    "ppl": ["Array.IndexOf()"]
  },
  {
    "cmd": "LastIndexOf",
    "ppl": ["Array.LastIndexOf()"]
  },
]
